{
  "hash": "b4b0c63f",
  "configHash": "eac13587",
  "lockfileHash": "e55d63de",
  "browserHash": "660c8ec9",
  "optimized": {
    "@angular/core": {
      "src": "../../../../../../node_modules/@angular/core/fesm2022/core.mjs",
      "file": "@angular_core.js",
      "fileHash": "6a987ff9",
      "needsInterop": false
    },
    "@angular/platform-browser": {
      "src": "../../../../../../node_modules/@angular/platform-browser/fesm2022/platform-browser.mjs",
      "file": "@angular_platform-browser.js",
      "fileHash": "fe13594d",
      "needsInterop": false
    },
    "@angular/router": {
      "src": "../../../../../../node_modules/@angular/router/fesm2022/router.mjs",
      "file": "@angular_router.js",
      "fileHash": "2049ca67",
      "needsInterop": false
    },
    "@angular/common": {
      "src": "../../../../../../node_modules/@angular/common/fesm2022/common.mjs",
      "file": "@angular_common.js",
      "fileHash": "7f4825a7",
      "needsInterop": false
    }
  },
  "chunks": {
    "chunk-KQXSPHOE": {
      "file": "chunk-KQXSPHOE.js"
    },
    "chunk-4PMWF6IT": {
      "file": "chunk-4PMWF6IT.js"
    },
    "chunk-LUHT2WFK": {
      "file": "chunk-LUHT2WFK.js"
    }
  }
}