{
  "hash": "b835b8e5",
  "configHash": "cdd22792",
  "lockfileHash": "2e25f4c0",
  "browserHash": "2dee20ca",
  "optimized": {
    "@angular/core": {
      "src": "../../../../../../node_modules/@angular/core/fesm2022/core.mjs",
      "file": "@angular_core.js",
      "fileHash": "429c22bf",
      "needsInterop": false
    },
    "@angular/platform-browser": {
      "src": "../../../../../../node_modules/@angular/platform-browser/fesm2022/platform-browser.mjs",
      "file": "@angular_platform-browser.js",
      "fileHash": "c448ee13",
      "needsInterop": false
    },
    "@angular/router": {
      "src": "../../../../../../node_modules/@angular/router/fesm2022/router.mjs",
      "file": "@angular_router.js",
      "fileHash": "d4732c31",
      "needsInterop": false
    }
  },
  "chunks": {
    "chunk-X3CGT5UL": {
      "file": "chunk-X3CGT5UL.js"
    },
    "chunk-LUHT2WFK": {
      "file": "chunk-LUHT2WFK.js"
    }
  }
}