{
  "hash": "b040a160",
  "configHash": "5651e1fa",
  "lockfileHash": "d39bcfb1",
  "browserHash": "3439932a",
  "optimized": {
    "@angular/core": {
      "src": "../../../../../../node_modules/@angular/core/fesm2022/core.mjs",
      "file": "@angular_core.js",
      "fileHash": "84654a7c",
      "needsInterop": false
    },
    "@angular/platform-browser": {
      "src": "../../../../../../node_modules/@angular/platform-browser/fesm2022/platform-browser.mjs",
      "file": "@angular_platform-browser.js",
      "fileHash": "487e5990",
      "needsInterop": false
    },
    "@angular/router": {
      "src": "../../../../../../node_modules/@angular/router/fesm2022/router.mjs",
      "file": "@angular_router.js",
      "fileHash": "0492ded7",
      "needsInterop": false
    }
  },
  "chunks": {
    "chunk-PHXICII2": {
      "file": "chunk-PHXICII2.js"
    },
    "chunk-LJUA3TWT": {
      "file": "chunk-LJUA3TWT.js"
    }
  }
}